severity,category,path,line,pattern,snippet
medium,fake_mock_demo,FEATURE_STATUS.md,172,\bfake\b,1. **AI Analysis is Fake**
medium,fake_mock_demo,FEATURE_STATUS.md,314,\bfake\b,- ✅ No fake data is used in Dashboard; all widgets pull real analytics via API
medium,fake_mock_demo,FEATURE_STATUS.md,326,\bfake\b,- ✅ Removed fake UI from Settings
medium,fake_mock_demo,FEATURE_STATUS.md,11,\bdummy\b,"- ⚠️ **PARTIAL**: Backend exists but UI incomplete, or uses dummy/placeholder data"
medium,fake_mock_demo,FEATURE_STATUS.md,102,\bdummy\b,| **ai_analysis** | ✅ DONE | AI analysis results (dummy data) |
medium,fake_mock_demo,FEATURE_STATUS.md,158,\bdummy\b,"| **5. AI Analysis** | ⚠️ PARTIAL | **Uses dummy AI, not real AI** |"
medium,fake_mock_demo,FEATURE_STATUS.md,245,\bdummy\b,### ⚠️ TESTED BUT USES DUMMY DATA
low,fake_mock_demo,FEATURE_STATUS.md,294,\bdemo\b,"- **Current State**: 83% complete, suitable for **demo/testing**"
low,todo_placeholder,FEATURE_STATUS.md,11,placeholder,"- ⚠️ **PARTIAL**: Backend exists but UI incomplete, or uses dummy/placeholder data"
low,todo_placeholder,FEATURE_STATUS.md,203,placeholder,"- **Issue**: Shows ""Chưa tích hợp"" placeholder"
low,todo_placeholder,FEATURE_STATUS.md,248,placeholder,- Report generation (placeholder)
low,todo_placeholder,FEATURE_STATUS.md,12,not implemented,"- ❌ **DISABLED_PENDING**: Not implemented, marked clearly in UI as ""Chưa tích hợp"""
low,todo_placeholder,FEATURE_STATUS.md,60,not implemented,| **Báo cáo** | ❌ DISABLED_PENDING | Report templates | Not implemented |
low,todo_placeholder,FEATURE_STATUS.md,61,not implemented,| **Tích hợp** | ❌ DISABLED_PENDING | Third-party integrations | Not implemented |
low,todo_placeholder,FEATURE_STATUS.md,62,not implemented,| **Sao lưu** | ❌ DISABLED_PENDING | Database backup | Not implemented |
low,todo_placeholder,FEATURE_STATUS.md,185,not implemented,- **Location**: Email/webhook sending not implemented
low,todo_placeholder,FEATURE_STATUS.md,251,not implemented,### ❌ NOT TESTED (Not Implemented)
low,todo_placeholder,FEATURE_STATUS.md,290,not implemented,- **Not Implemented**: 3 (3%)
low,todo_placeholder,FEATURE_STATUS.md,215,coming soon,"- **Issue**: API exists but UI shows ""Coming Soon"""
low,todo_placeholder,FEATURE_STATUS.md,219,coming soon,"- **Issue**: API exists but UI shows ""Coming Soon"""
low,todo_placeholder,FEATURE_STATUS.md,223,coming soon,"- **Issue**: API exists but UI shows ""Coming Soon"""
low,todo_placeholder,FEATURE_STATUS.md,12,Chưa tích hợp,"- ❌ **DISABLED_PENDING**: Not implemented, marked clearly in UI as ""Chưa tích hợp"""
low,todo_placeholder,FEATURE_STATUS.md,203,Chưa tích hợp,"- **Issue**: Shows ""Chưa tích hợp"" placeholder"
medium,fake_mock_demo,HUONG_DAN_NHANH.txt,10,\bmock\b,- Cho nao co mock/fake/dummy/demo/hardcoded/TODO
medium,fake_mock_demo,HUONG_DAN_NHANH.txt,10,\bfake\b,- Cho nao co mock/fake/dummy/demo/hardcoded/TODO
medium,fake_mock_demo,HUONG_DAN_NHANH.txt,10,\bdummy\b,- Cho nao co mock/fake/dummy/demo/hardcoded/TODO
medium,fake_mock_demo,HUONG_DAN_NHANH.txt,10,\bdemo\b,- Cho nao co mock/fake/dummy/demo/hardcoded/TODO
low,todo_placeholder,HUONG_DAN_NHANH.txt,10,TODO,- Cho nao co mock/fake/dummy/demo/hardcoded/TODO
low,todo_placeholder,HUONG_DAN_NHANH.txt,10,hardcoded,- Cho nao co mock/fake/dummy/demo/hardcoded/TODO
medium,fake_mock_demo,nope_ultra_deep_project_scanner.py,13,\bmock\b,- fake/mock/dummy/demo hardcoded risk
medium,fake_mock_demo,nope_ultra_deep_project_scanner.py,392,\bmock\b,"if re.search(r""dummy|fake|mock|Math\.random"", line, re.I): return ""medium"""
medium,fake_mock_demo,nope_ultra_deep_project_scanner.py,13,\bfake\b,- fake/mock/dummy/demo hardcoded risk
medium,fake_mock_demo,nope_ultra_deep_project_scanner.py,392,\bfake\b,"if re.search(r""dummy|fake|mock|Math\.random"", line, re.I): return ""medium"""
medium,fake_mock_demo,nope_ultra_deep_project_scanner.py,13,\bdummy\b,- fake/mock/dummy/demo hardcoded risk
medium,fake_mock_demo,nope_ultra_deep_project_scanner.py,110,\bdummy\b,"""ai"": [""AI_PROVIDER"", ""openai"", ""gemini"", ""dummy"", ""sentiment"", ""emotion"", ""intent"", ""rag""],"
medium,fake_mock_demo,nope_ultra_deep_project_scanner.py,392,\bdummy\b,"if re.search(r""dummy|fake|mock|Math\.random"", line, re.I): return ""medium"""
medium,fake_mock_demo,nope_ultra_deep_project_scanner.py,13,\bdemo\b,- fake/mock/dummy/demo hardcoded risk
medium,fake_mock_demo,nope_ultra_deep_project_scanner.py,75,sampleData,"r""\bmock\b"", r""\bfake\b"", r""\bdummy\b"", r""\bdemo\b"", r""sampleData"", r""sample_data"","
medium,fake_mock_demo,nope_ultra_deep_project_scanner.py,75,sample_data,"r""\bmock\b"", r""\bfake\b"", r""\bdummy\b"", r""\bdemo\b"", r""sampleData"", r""sample_data"","
medium,fake_mock_demo,nope_ultra_deep_project_scanner.py,76,generateMock,"r""generateMock"", r""mockData"", r""setTimeout\s*\("", r""Math\.random\s*\("""
medium,fake_mock_demo,nope_ultra_deep_project_scanner.py,76,mockData,"r""generateMock"", r""mockData"", r""setTimeout\s*\("", r""Math\.random\s*\("""
low,todo_placeholder,nope_ultra_deep_project_scanner.py,78,TODO,"""todo_placeholder"": ["
low,todo_placeholder,nope_ultra_deep_project_scanner.py,79,TODO,"r""TODO"", r""FIXME"", r""placeholder"", r""not implemented"", r""coming soon"","
low,todo_placeholder,nope_ultra_deep_project_scanner.py,79,FIXME,"r""TODO"", r""FIXME"", r""placeholder"", r""not implemented"", r""coming soon"","
low,todo_placeholder,nope_ultra_deep_project_scanner.py,78,placeholder,"""todo_placeholder"": ["
low,todo_placeholder,nope_ultra_deep_project_scanner.py,79,placeholder,"r""TODO"", r""FIXME"", r""placeholder"", r""not implemented"", r""coming soon"","
low,todo_placeholder,nope_ultra_deep_project_scanner.py,79,not implemented,"r""TODO"", r""FIXME"", r""placeholder"", r""not implemented"", r""coming soon"","
low,todo_placeholder,nope_ultra_deep_project_scanner.py,79,coming soon,"r""TODO"", r""FIXME"", r""placeholder"", r""not implemented"", r""coming soon"","
low,todo_placeholder,nope_ultra_deep_project_scanner.py,80,Chưa tích hợp,"r""Chưa tích hợp"", r""Chưa cấu hình"", r""tạm thời"", r""hardcoded"""
low,todo_placeholder,nope_ultra_deep_project_scanner.py,80,Chưa cấu hình,"r""Chưa tích hợp"", r""Chưa cấu hình"", r""tạm thời"", r""hardcoded"""
low,todo_placeholder,nope_ultra_deep_project_scanner.py,80,tạm thời,"r""Chưa tích hợp"", r""Chưa cấu hình"", r""tạm thời"", r""hardcoded"""
low,todo_placeholder,nope_ultra_deep_project_scanner.py,13,hardcoded,- fake/mock/dummy/demo hardcoded risk
low,todo_placeholder,nope_ultra_deep_project_scanner.py,80,hardcoded,"r""Chưa tích hợp"", r""Chưa cấu hình"", r""tạm thời"", r""hardcoded"""
medium,unsafe_frontend,nope_ultra_deep_project_scanner.py,83,dangerouslySetInnerHTML,"r""dangerouslySetInnerHTML"", r""innerHTML\s*="", r""eval\s*\("", r""new Function\s*\("","
high,security_backend,nope_ultra_deep_project_scanner.py,87,CORSMiddleware,"r""allow_origins=\[\""?\*\""?\]"", r""CORSMiddleware"", r""debug=True"", r""print\([^)]*(token|secret|password|env)"","
high,security_backend,nope_ultra_deep_project_scanner.py,87,debug=True,"r""allow_origins=\[\""?\*\""?\]"", r""CORSMiddleware"", r""debug=True"", r""print\([^)]*(token|secret|password|env)"","
high,security_backend,nope_ultra_deep_project_scanner.py,88,literal_column,"r""execute\(\s*f[\""']"", r""raw\s*\("", r""literal_column"", r""text\(\s*f[\""']"""
medium,silent_errors,nope_ultra_deep_project_scanner.py,480,except\s+Exception\s*:\s*pass,except Exception: pass
high,destructive,nope_ultra_deep_project_scanner.py,95,drop_all,"r""drop_all"", r""DROP TABLE"", r""TRUNCATE"", r""deleteMany\(\s*{}\s*\)"", r""rm\s+-rf"","
high,destructive,nope_ultra_deep_project_scanner.py,96,drop_all,"r""Base\.metadata\.drop_all"""
high,destructive,nope_ultra_deep_project_scanner.py,95,DROP TABLE,"r""drop_all"", r""DROP TABLE"", r""TRUNCATE"", r""deleteMany\(\s*{}\s*\)"", r""rm\s+-rf"","
high,destructive,nope_ultra_deep_project_scanner.py,95,TRUNCATE,"r""drop_all"", r""DROP TABLE"", r""TRUNCATE"", r""deleteMany\(\s*{}\s*\)"", r""rm\s+-rf"","
medium,fake_mock_demo,PRODUCTION_READINESS_REPORT.md,13,\bfake\b,1. ✅ Fake UI Removal
medium,fake_mock_demo,PRODUCTION_READINESS_REPORT.md,23,\bfake\b,- **No fake UI** - all features are real or clearly marked as pending
medium,fake_mock_demo,PRODUCTION_READINESS_REPORT.md,30,\bfake\b,## 1. FAKE UI REMOVAL ✅ COMPLETE
medium,fake_mock_demo,PRODUCTION_READINESS_REPORT.md,32,\bfake\b,### Status: ✅ ALL FAKE UI REMOVED OR MARKED
medium,fake_mock_demo,PRODUCTION_READINESS_REPORT.md,38,\bfake\b,4. Removed all fake success toasts
medium,fake_mock_demo,PRODUCTION_READINESS_REPORT.md,39,\bfake\b,5. Removed all setTimeout() fake saves
medium,fake_mock_demo,PRODUCTION_READINESS_REPORT.md,179,\bfake\b,- ✅ All pending tabs clearly marked (no fake UI)
medium,fake_mock_demo,PRODUCTION_READINESS_REPORT.md,466,\bfake\b,- No fake UI
medium,fake_mock_demo,PRODUCTION_READINESS_REPORT.md,526,\bfake\b,"The Social Listening Web App is **87% complete** (up from 83%) and **ready for demo/testing**. The codebase is clean, well-structured, and has no fake UI. All core features are functional with real backend APIs and database persistence."
medium,fake_mock_demo,PRODUCTION_READINESS_REPORT.md,536,\bfake\b,- ✅ No fake UI
medium,fake_mock_demo,PRODUCTION_READINESS_REPORT.md,18,\bdummy\b,6. ⚠️ Core Workflow (AI uses dummy data)
medium,fake_mock_demo,PRODUCTION_READINESS_REPORT.md,46,\bdummy\b,- ✅ Mentions: Real CRUD (AI analysis uses dummy data - marked in FEATURE_STATUS.md)
medium,fake_mock_demo,PRODUCTION_READINESS_REPORT.md,139,\bdummy\b,"| **Mentions** | ✅ WORKING | `GET /api/mentions/` | CRUD working, AI uses dummy data |"
medium,fake_mock_demo,PRODUCTION_READINESS_REPORT.md,210,\bdummy\b,"- Added AI provider abstraction (Dummy, OpenAI, Gemini)"
medium,fake_mock_demo,PRODUCTION_READINESS_REPORT.md,218,\bdummy\b,"AI_PROVIDER=openai  # or gemini, or dummy"
medium,fake_mock_demo,PRODUCTION_READINESS_REPORT.md,284,\bdummy\b,| 1 | ~~AI analysis uses dummy data~~ | 🔴 CRITICAL | **✅ FIXED** | Phase 3 complete - Real AI integrated |
medium,fake_mock_demo,PRODUCTION_READINESS_REPORT.md,443,\bdummy\b,1. 🔴 ~~AI analysis uses dummy data~~ - **✅ FIXED (Phase 3)**
medium,fake_mock_demo,PRODUCTION_READINESS_REPORT.md,528,\bdummy\b,"**Phase 3 Achievement**: Real AI analysis is now implemented with OpenAI GPT-4 and Google Gemini Pro support, replacing the previous dummy keyword-based system."
medium,fake_mock_demo,PRODUCTION_READINESS_REPORT.md,540,\bdummy\b,- ❌ ~~AI uses dummy data~~ - **FIXED**
low,fake_mock_demo,PRODUCTION_READINESS_REPORT.md,5,\bdemo\b,"**Overall Status**: 87% Complete, **READY FOR DEMO**, needs 2 critical fixes for production"
low,fake_mock_demo,PRODUCTION_READINESS_REPORT.md,464,\bdemo\b,**✅ Ready for DEMO/TESTING**:
medium,fake_mock_demo,PRODUCTION_READINESS_REPORT.md,526,\bdemo\b,"The Social Listening Web App is **87% complete** (up from 83%) and **ready for demo/testing**. The codebase is clean, well-structured, and has no fake UI. All core features are functional with real backend APIs and database persistence."
low,fake_mock_demo,PRODUCTION_READINESS_REPORT.md,546,\bdemo\b,"**Current Recommendation**: **APPROVED FOR DEMO**, **NOT APPROVED FOR PRODUCTION** until critical fixes are implemented."
medium,fake_mock_demo,PRODUCTION_READINESS_REPORT.md,39,setTimeout\s*\(,5. Removed all setTimeout() fake saves
low,todo_placeholder,PRODUCTION_READINESS_REPORT.md,254,not implemented,- **Location**: Email/webhook sending not implemented
low,todo_placeholder,PRODUCTION_READINESS_REPORT.md,36,Chưa tích hợp,"2. Audited all Settings tabs - 9/16 working, 7/16 clearly marked as ""Chưa tích hợp"""
medium,fake_mock_demo,project_scanner.py,56,\bdummy\b,"""auth"", ""settings"", ""ai"", ""openai"", ""gemini"", ""dummy"", ""sentiment"""
high,destructive,project_scanner.py,89,TRUNCATE,truncated = len(data) > max_bytes
high,destructive,project_scanner.py,90,TRUNCATE,if truncated:
high,destructive,project_scanner.py,94,TRUNCATE,"return text, (""TRUNCATED"" if truncated else None)"
high,destructive,project_scanner.py,114,TRUNCATE,"lines.append(""... tree truncated ..."")"
medium,fake_mock_demo,backend/.env,25,\bdummy\b,"# AI Provider (openai, gemini, anthropic, deepseek, or dummy)"
medium,fake_mock_demo,backend/.env,26,\bdummy\b,AI_PROVIDER=dummy
high,security_backend,backend/.env,4,debug=True,DEBUG=True
medium,fake_mock_demo,backend/.env.example,26,\bdummy\b,"# Supported providers: dummy, openai, gemini"
medium,fake_mock_demo,backend/.env.example,27,\bdummy\b,"# - dummy: Keyword-based analysis (for testing, no API key required)"
medium,fake_mock_demo,backend/.env.example,30,\bdummy\b,AI_PROVIDER=dummy
low,todo_placeholder,backend/.env.example,36,not implemented,GEMINI_API_KEY=***REDACTED*** Deprecated AI providers (not implemented yet)
high,security_backend,backend/.env.example,4,debug=True,DEBUG=True
high,security_backend,backend/add_columns.py,23,"execute\(\s*f[\""']","cursor.execute(f""ALTER TABLE ai_analysis ADD COLUMN {col_name} {col_type}"")"
medium,fake_mock_demo,backend/test_scheduler.py,15,\bdummy\b,# Add a dummy source
medium,fake_mock_demo,backend/test_schema.py,6,\bdummy\b,# Create dummy group
medium,fake_mock_demo,backend/_smoke_test.py,129,\bfake\b,# Check for fake words in responses
medium,fake_mock_demo,backend/_smoke_test.py,130,\bfake\b,"print(""Checking for fake/simulated content..."")"
medium,fake_mock_demo,backend/_smoke_test.py,135,\bfake\b,"for word in [""giả lập"", ""simulated"", ""fake mention"", ""demo mention""]:"
medium,fake_mock_demo,backend/_smoke_test.py,141,\bfake\b,"print(""  No fake/simulated content detected"")"
medium,fake_mock_demo,backend/_smoke_test.py,121,\bdummy\b,"ai_provider = os.getenv(""AI_PROVIDER"", ""dummy"")"
medium,fake_mock_demo,backend/_smoke_test.py,135,\bdemo\b,"for word in [""giả lập"", ""simulated"", ""fake mention"", ""demo mention""]:"
medium,fake_mock_demo,backend/_smoke_test_final.py,117,\bfake\b,"print(""7. Checking for fake content..."")"
medium,fake_mock_demo,backend/_smoke_test_final.py,122,\bfake\b,"for word in [""giả lập"", ""simulated"", ""fake"", ""demo""]:"
medium,fake_mock_demo,backend/_smoke_test_final.py,127,\bfake\b,"print(""   PASS: No fake content found in any mentions."")"
medium,fake_mock_demo,backend/_smoke_test_final.py,122,\bdemo\b,"for word in [""giả lập"", ""simulated"", ""fake"", ""demo""]:"
low,fake_mock_demo,data/parsed_excel_summary.json,37,sample_data,"""sample_data"": {"
low,fake_mock_demo,data/parsed_excel_summary.json,254,sample_data,"""sample_data"": {"
medium,fake_mock_demo,docs/DEPLOYMENT.md,36,\bdummy\b,"- AI: Pluggable providers (OpenAI, Gemini, DeepSeek, Dummy)"
medium,fake_mock_demo,docs/DEPLOYMENT.md,196,\bdummy\b,# AI Provider (dummy for local testing)
medium,fake_mock_demo,docs/DEPLOYMENT.md,197,\bdummy\b,AI_PROVIDER=dummy
medium,fake_mock_demo,docs/DEPLOYMENT.md,447,\bdummy\b,AI_PROVIDER=dummy
medium,fake_mock_demo,docs/DEPLOYMENT.md,550,\bdummy\b,AI_PROVIDER=dummy
high,security_backend,docs/DEPLOYMENT.md,182,debug=True,DEBUG=True
high,security_backend,docs/DEPLOYMENT.md,546,debug=True,DEBUG=True
high,security_backend,docs/DEPLOYMENT.md,454,print\([^)]*(token|secret|password|env),"- Generate a strong `SECRET_KEY`: `python -c ""import secrets; print(secrets.token_urlsafe(32))""`"
medium,fake_mock_demo,docs/DEPLOYMENT_READY.md,16,\bdummy\b,"- **AI Integration**: Pluggable provider system (OpenAI, Gemini, DeepSeek, Dummy)"
medium,fake_mock_demo,docs/DEPLOYMENT_READY.md,101,\bdummy\b,AI_PROVIDER=dummy
low,todo_placeholder,docs/DEPLOYMENT_READY.md,265,not implemented,3. **File Upload**: Evidence files not implemented (needs storage)
low,todo_placeholder,docs/DEPLOYMENT_READY.md,33,hardcoded,- No hardcoded secrets
medium,fake_mock_demo,docs/PRODUCTION_CHECKLIST.md,112,\bdummy\b,AI_PROVIDER=dummy
low,todo_placeholder,docs/PRODUCTION_CHECKLIST.md,10,hardcoded,- [ ] No hardcoded secrets or API keys
high,security_backend,docs/PRODUCTION_CHECKLIST.md,122,print\([^)]*(token|secret|password|env),"python -c ""import secrets; print(secrets.token_urlsafe(32))"""
low,fake_mock_demo,docs/SCHEDULE_DEMO.md,1,\bdemo\b,# Demo Tính Năng Lập Lịch Quét
medium,fake_mock_demo,pgsql/schema_reference.sql,146,\bdummy\b,"ai_provider     VARCHAR(50),                -- dummy, openai, gemini, phobert"
low,fake_mock_demo,scripts/analyze_excel.py,55,sample_data,"'sample_data': [],"
low,fake_mock_demo,scripts/analyze_excel.py,76,sample_data,analysis['sample_data'].append(row_data)
low,fake_mock_demo,scripts/analyze_excel.py,160,sample_data,'sample_data': {
low,fake_mock_demo,scripts/analyze_excel.py,162,sample_data,'rows': sheet_data['sample_data']
low,fake_mock_demo,scripts/analyze_excel.py,199,sample_data,if sheet_data['sample_data']:
low,fake_mock_demo,scripts/analyze_excel.py,204,sample_data,for row in sheet_data['sample_data'][:3]:  # Show first 3 rows
low,todo_placeholder,scripts/audit_settings_complete.py,112,not implemented,"""Frontend preview only, backend endpoint not implemented"")"
low,todo_placeholder,scripts/audit_settings_complete.py,355,not implemented,"""Config UI exists, actual sending not implemented"")"
low,todo_placeholder,scripts/audit_settings_complete.py,384,not implemented,"""Config UI exists, actual sending not implemented"")"
high,security_backend,scripts/audit_settings_complete.py,535,print\([^)]*(token|secret|password|env),"print(""❌ Cannot proceed without admin token"")"
high,security_backend,scripts/change_tthgroup_to_viewer.py,63,print\([^)]*(token|secret|password|env),"print(""   Password=***REDACTED***"")"
high,security_backend,scripts/check_who_am_i.py,15,print\([^)]*(token|secret|password|env),"print(""3. Type: localStorage.getItem('access_token')"")"
high,security_backend,scripts/check_who_am_i.py,16,print\([^)]*(token|secret|password|env),"print(""4. Copy the token (without quotes)"")"
high,security_backend,scripts/clean_and_reseed.py,49,"execute\(\s*f[\""']","cursor.execute(f""DELETE FROM {table}"")"
medium,fake_mock_demo,scripts/comprehensive_test.py,3,\bfake\b,"Tests all pages, APIs, and features to identify fake UI and broken functionality"
high,security_backend,scripts/create_admin_remote.py,15,print\([^)]*(token|secret|password|env),"print(f""Password=***REDACTED***'password']}"")"
high,security_backend,scripts/create_admin_remote.py,25,print\([^)]*(token|secret|password|env),"print(f""Password=***REDACTED***'password']}"")"
high,security_backend,scripts/create_admin_remote.py,31,print\([^)]*(token|secret|password|env),"print(f""Password=***REDACTED***'password']}"")"
high,security_backend,scripts/create_admin_simple.py,24,print\([^)]*(token|secret|password|env),"print(f""   Password=***REDACTED***}"")"
high,security_backend,scripts/create_admin_simple.py,28,print\([^)]*(token|secret|password|env),"print(f""\n🔐 Hashing password..."")"
high,security_backend,scripts/create_admin_simple.py,30,print\([^)]*(token|secret|password|env),"print(f""✅ Password hashed!"")"
high,security_backend,scripts/create_admin_simple.py,63,print\([^)]*(token|secret|password|env),"print(f""   Password=***REDACTED***"")"
high,security_backend,scripts/create_admin_simple.py,108,print\([^)]*(token|secret|password|env),"print(f""   Password=***REDACTED***}"")"
high,security_backend,scripts/create_admin_via_api.py,22,print\([^)]*(token|secret|password|env),"print(f""   Password=***REDACTED***}"")"
high,security_backend,scripts/create_admin_via_api.py,119,print\([^)]*(token|secret|password|env),"print(f""   Token=***REDACTED***}..."")"
high,security_backend,scripts/create_admin_via_api.py,146,print\([^)]*(token|secret|password|env),"print(f""   Password=***REDACTED***}"")"
high,security_backend,scripts/create_new_admin.py,67,print\([^)]*(token|secret|password|env),"print(f""\n🔑 Updating password..."")"
high,security_backend,scripts/create_new_admin.py,70,print\([^)]*(token|secret|password|env),"print(f""✅ Password updated!"")"
high,security_backend,scripts/create_new_admin.py,133,print\([^)]*(token|secret|password|env),"print(f""   Token=***REDACTED***}..."")"
high,security_backend,scripts/create_new_admin.py,178,print\([^)]*(token|secret|password|env),"print(f""   Password=***REDACTED***"")"
high,security_backend,scripts/debug_auth_endpoint.py,37,print\([^)]*(token|secret|password|env),"print(f""Token=***REDACTED***}..."")"
high,security_backend,scripts/fix_database_direct.py,34,print\([^)]*(token|secret|password|env),"print('   $env:DATABASE_URL=***REDACTED***""')"
high,security_backend,scripts/fix_enum_case.py,177,"execute\(\s*f[\""']","cursor.execute(f"""""""
high,security_backend,scripts/rbac_summary.py,77,print\([^)]*(token|secret|password|env),"print(""   • POST   /api/admin/users/{id}/reset-password"")"
medium,fake_mock_demo,.kiro/specs/social-listening/design.md,71,\bdummy\b,- Dummy (for testing)
medium,fake_mock_demo,.kiro/specs/social-listening/requirements.md,63,\bdummy\b,"- **Pluggable_AI_Provider**: An AI service configured via environment variables (dummy, OpenAI, Gemini, DeepSeek, Claude)"
medium,fake_mock_demo,.kiro/specs/social-listening/requirements.md,211,\bdummy\b,"10. THE Platform SHALL support Pluggable_AI_Provider selection (dummy, OpenAI, Gemini, DeepSeek, Claude) configured via environment variables"
medium,fake_mock_demo,.kiro/specs/social-listening/requirements.md,356,\bdummy\b,"1. THE Platform SHALL allow Admins to configure Pluggable_AI_Provider selection (dummy, OpenAI, Gemini, DeepSeek, Claude) via environment variables"
medium,fake_mock_demo,.kiro/specs/social-listening/requirements.md,480,\bdummy\b,"16. THE Platform SHALL support Pluggable_AI_Provider architecture (dummy, OpenAI, Gemini, DeepSeek, Claude) configured via environment variables"
medium,fake_mock_demo,.kiro/specs/social-listening/tasks.md,170,\bdummy\b,- ✅ Implement dummy provider
medium,fake_mock_demo,.kiro/specs/social-listening/tasks.md,534,\bdummy\b,- ✅ AI analysis (dummy provider)
medium,fake_mock_demo,.kiro/specs/social-listening/tasks.md,556,\bdummy\b,- ✅ Dummy AI provider for testing
high,security_backend,backend/app/main.py,78,"allow_origins=\[\""?\*\""?\]","# allow_origins=[""*""] so CORS headers appear even on 500 responses"
high,security_backend,backend/app/main.py,4,CORSMiddleware,from fastapi.middleware.cors import CORSMiddleware
high,security_backend,backend/app/main.py,88,CORSMiddleware,"CORSMiddleware,"
high,destructive,backend/alembic/versions/003_add_service_catalog.py,195,DROP TABLE,# Drop tables
high,security_backend,backend/alembic/versions/012_fix_app_wide_missing_columns.py,28,"text\(\s*f[\""']","op.get_bind().execute(sa.text(f""CREATE TABLE {table_name} (id SERIAL PRIMARY KEY)""))"
high,security_backend,backend/alembic/versions/012_fix_app_wide_missing_columns.py,38,"text\(\s*f[\""']","op.get_bind().execute(sa.text(f""CREATE INDEX IF NOT EXISTS {name} ON {table_name} ({column_name})""))"
high,security_backend,backend/alembic/versions/012_fix_app_wide_missing_columns.py,137,"text\(\s*f[\""']","bind.execute(sa.text(f""UPDATE {table_name} SET {column_name} = 0 WHERE {column_name} IS NULL""))"
high,destructive,backend/alembic/versions/019_fix_roles_table_schema.py,24,DROP TABLE,"op.execute(""DROP TABLE IF EXISTS user_roles CASCADE"")"
high,destructive,backend/alembic/versions/019_fix_roles_table_schema.py,25,DROP TABLE,"op.execute(""DROP TABLE IF EXISTS roles CASCADE"")"
medium,fake_mock_demo,backend/app/api/ai.py,65,\bdummy\b,"# For now, let's check if provider is Dummy"
low,todo_placeholder,backend/app/api/auth.py,119,TODO,"ip_address=None,  # TODO: Get from request"
low,todo_placeholder,backend/app/api/auth.py,120,TODO,"user_agent=None,  # TODO: Get from request"
low,todo_placeholder,backend/app/api/auth.py,349,TODO,# TODO: Get current JTI from token and exclude it
medium,fake_mock_demo,backend/app/api/competitors.py,43,\bmock\b,# Let's use simple wildcard matching on the content for this mock API since matched_keywords is JSON string.
medium,fake_mock_demo,backend/app/api/crawl.py,75,\bdummy\b,"ai_provider=""dummy"","
medium,fake_mock_demo,backend/app/api/monitor.py,5,\bmock\b,Không sử dụng mock data / fake mentions / giả lập.
medium,fake_mock_demo,backend/app/api/monitor.py,5,\bfake\b,Không sử dụng mock data / fake mentions / giả lập.
medium,fake_mock_demo,backend/app/api/monitor.py,76,\bfake\b,"4. Nếu không có nguồn → trả về cảnh báo, KHÔNG tạo fake data"
medium,fake_mock_demo,backend/app/api/monitor.py,878,\bfake\b,"""Lừa đảo / Gian lận"": [""lừa đảo"", ""scam"", ""fake"", ""giả"", ""fraud""],"
medium,fake_mock_demo,backend/app/core/config.py,36,\bdummy\b,"AI_PROVIDER: str = ""dummy""  # dummy, openai, gemini, anthropic, deepseek"
high,security_backend,backend/app/scripts/create_admin.py,47,print\([^)]*(token|secret|password|env),"print(f""   Password=***REDACTED***"")"
high,security_backend,backend/app/scripts/create_admin.py,49,print\([^)]*(token|secret|password|env),"print(""\n⚠️  Please change the password after first login!"")"
medium,fake_mock_demo,backend/app/services/ai_service.py,84,\bfake\b,"'tệ', 'kém', 'dở', 'tồi', 'lừa đảo', 'scam', 'fake', 'giả mạo',"
medium,fake_mock_demo,backend/app/services/ai_service.py,3,\bdummy\b,"Supports multiple AI providers: OpenAI, Gemini, and Dummy (for testing)"
medium,fake_mock_demo,backend/app/services/ai_service.py,66,\bdummy\b,# DUMMY AI PROVIDER (FOR TESTING)
medium,fake_mock_demo,backend/app/services/ai_service.py,71,\bdummy\b,Dummy AI provider using keyword matching
medium,fake_mock_demo,backend/app/services/ai_service.py,287,\bdummy\b,# Fallback to dummy analysis if OpenAI fails and not in production
medium,fake_mock_demo,backend/app/services/ai_service.py,290,\bdummy\b,"raise ValueError(f""OpenAI analysis failed and dummy fallback is disabled in production: {e}"")"
medium,fake_mock_demo,backend/app/services/ai_service.py,291,\bdummy\b,dummy = DummyAIProvider()
medium,fake_mock_demo,backend/app/services/ai_service.py,292,\bdummy\b,"return dummy.analyze_mention(content, title)"
medium,fake_mock_demo,backend/app/services/ai_service.py,435,\bdummy\b,# Fallback to dummy analysis if Gemini fails and not in production
medium,fake_mock_demo,backend/app/services/ai_service.py,438,\bdummy\b,"raise ValueError(f""Gemini analysis failed and dummy fallback is disabled in production: {e}"")"
medium,fake_mock_demo,backend/app/services/ai_service.py,439,\bdummy\b,dummy = DummyAIProvider()
medium,fake_mock_demo,backend/app/services/ai_service.py,440,\bdummy\b,"return dummy.analyze_mention(content, title)"
medium,fake_mock_demo,backend/app/services/ai_service.py,522,\bdummy\b,"raise ValueError(""PhoBERT model is unavailable and dummy fallback is disabled in production."")"
medium,fake_mock_demo,backend/app/services/ai_service.py,523,\bdummy\b,dummy = DummyAIProvider()
medium,fake_mock_demo,backend/app/services/ai_service.py,524,\bdummy\b,"result = dummy.analyze_mention(content, title)"
medium,fake_mock_demo,backend/app/services/ai_service.py,628,\bdummy\b,"raise ValueError(f""PhoBERT analysis failed and dummy fallback is disabled in production: {e}"")"
medium,fake_mock_demo,backend/app/services/ai_service.py,629,\bdummy\b,dummy = DummyAIProvider()
medium,fake_mock_demo,backend/app/services/ai_service.py,630,\bdummy\b,"result = dummy.analyze_mention(content, title)"
medium,fake_mock_demo,backend/app/services/ai_service.py,667,\bdummy\b,"raise ValueError(""PhoBERT model is unavailable and dummy fallback is disabled in production."")"
medium,fake_mock_demo,backend/app/services/ai_service.py,668,\bdummy\b,"print(""WARNING: PhoBERT unavailable, falling back to dummy AI"")"
medium,fake_mock_demo,backend/app/services/ai_service.py,671,\bdummy\b,"elif provider_name == ""dummy"":"
medium,fake_mock_demo,backend/app/services/ai_service.py,673,\bdummy\b,"raise ValueError(""Dummy AI provider is not allowed in production environment."")"
medium,fake_mock_demo,backend/app/services/ai_service.py,678,\bdummy\b,"raise ValueError(f""Unknown/dummy AI provider '{provider_name}' is not allowed in production environment."")"
high,destructive,backend/app/services/ai_service.py,529,TRUNCATE,# Truncate cho PhoBERT (max 256 tokens)
medium,fake_mock_demo,backend/app/services/crawl_service.py,341,\bdummy\b,"ai_provider=analysis_result.get('ai_provider', 'dummy'),"
medium,silent_errors,backend/app/services/crawl_service.py,72,return\s+\[\],return []
high,destructive,backend/app/services/crawl_service.py,128,TRUNCATE,# Truncate
medium,fake_mock_demo,backend/app/workers/tasks.py,215,\bmock\b,"ai_provider=""mock"",  # Will be updated when real AI is integrated"
medium,unsafe_frontend,frontend/src/lib/api.ts,108,localStorage\.setItem\([^)]*token,"localStorage.setItem('access_token', response.data.access_token);"
medium,unsafe_frontend,frontend/src/app/dashboard/layout.tsx,51,console\.log\([^)]*(token|secret|password|env),"console.log('No token, redirecting to login');"
high,destructive,frontend/src/app/dashboard/layout.tsx,189,TRUNCATE,"<span className=""truncate"">{item.name}</span>"
high,destructive,frontend/src/app/dashboard/layout.tsx,208,TRUNCATE,"<p className=""text-sm font-medium text-gray-200 truncate"">"
high,destructive,frontend/src/app/dashboard/layout.tsx,211,TRUNCATE,"<p className=""text-xs text-gray-500 truncate mt-0.5 capitalize"">"
low,todo_placeholder,frontend/src/app/dashboard/page.tsx,202,Chưa tích hợp,"<span className=""text-xs font-bold uppercase tracking-wider text-gray-400 bg-[#0B1220] px-3 py-1 rounded-full border border-gray-800"">Chưa tích hợp</span>"
low,todo_placeholder,frontend/src/app/dashboard/page.tsx,216,Chưa tích hợp,"<span className=""text-xs font-bold uppercase tracking-wider text-gray-400 bg-[#0B1220] px-3 py-1 rounded-full border border-gray-800"">Chưa tích hợp</span>"
low,todo_placeholder,frontend/src/app/dashboard/page.tsx,230,Chưa tích hợp,"<span className=""text-xs font-bold uppercase tracking-wider text-gray-400 bg-[#0B1220] px-3 py-1 rounded-full border border-gray-800"">Chưa tích hợp</span>"
low,fake_mock_demo,frontend/src/app/login/page.tsx,34,setTimeout\s*\(,setTimeout(() => {
low,todo_placeholder,frontend/src/app/login/page.tsx,80,placeholder,"placeholder=""admin@example.com"""
low,todo_placeholder,frontend/src/app/login/page.tsx,95,placeholder,"placeholder=""••••••••"""
low,todo_placeholder,frontend/src/app/register/page.tsx,99,placeholder,"className=""appearance-none relative block w-full px-3 py-2 border border-gray-300 placeholder-gray-500 text-gray-900 rounded-lg focus:outline-none focus:ring-indigo-500 focus:border-indigo-500 focus:z-10 sm:text-sm"""
low,todo_placeholder,frontend/src/app/register/page.tsx,100,placeholder,"placeholder=""Nguyễn Văn A"""
low,todo_placeholder,frontend/src/app/register/page.tsx,116,placeholder,"className=""appearance-none relative block w-full px-3 py-2 border border-gray-300 placeholder-gray-500 text-gray-900 rounded-lg focus:outline-none focus:ring-indigo-500 focus:border-indigo-500 focus:z-10 sm:text-sm"""
low,todo_placeholder,frontend/src/app/register/page.tsx,117,placeholder,"placeholder=""email@example.com"""
low,todo_placeholder,frontend/src/app/register/page.tsx,133,placeholder,"className=""appearance-none relative block w-full px-3 py-2 border border-gray-300 placeholder-gray-500 text-gray-900 rounded-lg focus:outline-none focus:ring-indigo-500 focus:border-indigo-500 focus:z-10 sm:text-sm"""
low,todo_placeholder,frontend/src/app/register/page.tsx,134,placeholder,"placeholder=""Ít nhất 6 ký tự"""
low,todo_placeholder,frontend/src/app/register/page.tsx,150,placeholder,"className=""appearance-none relative block w-full px-3 py-2 border border-gray-300 placeholder-gray-500 text-gray-900 rounded-lg focus:outline-none focus:ring-indigo-500 focus:border-indigo-500 focus:z-10 sm:text-sm"""
low,todo_placeholder,frontend/src/app/register/page.tsx,151,placeholder,"placeholder=""Nhập lại mật khẩu"""
low,todo_placeholder,frontend/src/app/dashboard/alerts/page.tsx,248,placeholder,"placeholder=""Nhập tiêu đề cảnh báo..."""
low,todo_placeholder,frontend/src/app/dashboard/alerts/page.tsx,249,placeholder,"className=""w-full px-4 py-2.5 bg-[#1E293B] border border-gray-700 rounded-xl focus:outline-none focus:ring-2 focus:ring-indigo-500 text-white placeholder-gray-500"""
low,todo_placeholder,frontend/src/app/dashboard/alerts/page.tsx,276,placeholder,"placeholder=""Mô tả chi tiết cảnh báo..."""
low,todo_placeholder,frontend/src/app/dashboard/alerts/page.tsx,277,placeholder,"className=""w-full px-4 py-2.5 bg-[#1E293B] border border-gray-700 rounded-xl focus:outline-none focus:ring-2 focus:ring-indigo-500 text-white placeholder-gray-500 resize-none"""
low,todo_placeholder,frontend/src/app/dashboard/alerts/page.tsx,289,placeholder,"placeholder=""Nhập ID mention liên quan..."""
low,todo_placeholder,frontend/src/app/dashboard/alerts/page.tsx,290,placeholder,"className=""w-full px-4 py-2.5 bg-[#1E293B] border border-gray-700 rounded-xl focus:outline-none focus:ring-2 focus:ring-indigo-500 text-white placeholder-gray-500"""
high,destructive,frontend/src/app/dashboard/alerts/page.tsx,174,TRUNCATE,"<h3 className=""font-bold text-white truncate"">{alert.title}</h3>"
low,todo_placeholder,frontend/src/app/dashboard/assistant/page.tsx,132,placeholder,"placeholder=""Nhập câu hỏi để phân tích dữ liệu..."""
low,todo_placeholder,frontend/src/app/dashboard/assistant/page.tsx,133,placeholder,"className=""w-full pl-5 pr-14 py-4 bg-[#1E293B] border border-gray-700 rounded-2xl focus:outline-none focus:ring-2 focus:ring-purple-500/50 text-white placeholder-gray-500 shadow-inner"""
low,todo_placeholder,frontend/src/app/dashboard/competitors/page.tsx,56,Chưa cấu hình,"<h2 className=""text-2xl font-bold text-white tracking-wide mb-2"">Chưa cấu hình Từ Khóa Đối Thủ</h2>"
low,todo_placeholder,frontend/src/app/dashboard/incidents/page.tsx,316,placeholder,"placeholder=""Nhập tiêu đề sự cố..."""
low,todo_placeholder,frontend/src/app/dashboard/incidents/page.tsx,317,placeholder,"className=""w-full px-4 py-2.5 bg-[#1E293B] border border-gray-700 rounded-xl focus:outline-none focus:ring-2 focus:ring-indigo-500 text-white placeholder-gray-500"""
low,todo_placeholder,frontend/src/app/dashboard/incidents/page.tsx,326,placeholder,"placeholder=""Mô tả chi tiết sự cố..."""
low,todo_placeholder,frontend/src/app/dashboard/incidents/page.tsx,327,placeholder,"className=""w-full px-4 py-2.5 bg-[#1E293B] border border-gray-700 rounded-xl focus:outline-none focus:ring-2 focus:ring-indigo-500 text-white placeholder-gray-500 resize-none"""
low,todo_placeholder,frontend/src/app/dashboard/incidents/page.tsx,347,placeholder,"placeholder=""Nhập ID mention..."""
low,todo_placeholder,frontend/src/app/dashboard/incidents/page.tsx,348,placeholder,"className=""w-full px-4 py-2.5 bg-[#1E293B] border border-gray-700 rounded-xl focus:outline-none focus:ring-2 focus:ring-indigo-500 text-white placeholder-gray-500"""
low,todo_placeholder,frontend/src/app/dashboard/incidents/page.tsx,404,placeholder,"placeholder=""Ghi chú về cách xử lý sự cố..."""
low,todo_placeholder,frontend/src/app/dashboard/incidents/page.tsx,405,placeholder,"className=""w-full px-4 py-2.5 bg-[#1E293B] border border-gray-700 rounded-xl focus:outline-none focus:ring-2 focus:ring-indigo-500 text-white placeholder-gray-500 resize-none"""
low,todo_placeholder,frontend/src/app/dashboard/incidents/page.tsx,465,placeholder,"placeholder=""Thêm ghi chú..."""
low,todo_placeholder,frontend/src/app/dashboard/incidents/page.tsx,466,placeholder,"className=""flex-1 px-4 py-2.5 bg-[#1E293B] border border-gray-700 rounded-xl focus:outline-none focus:ring-2 focus:ring-indigo-500 text-white placeholder-gray-500 text-sm"""
high,destructive,frontend/src/app/dashboard/incidents/page.tsx,432,TRUNCATE,"<h2 className=""text-xl font-bold text-white truncate pr-4"">"
low,todo_placeholder,frontend/src/app/dashboard/influencers/page.tsx,101,placeholder,"placeholder=""Tìm kiếm tác giả..."""
low,todo_placeholder,frontend/src/app/dashboard/keywords/page.tsx,346,placeholder,"placeholder=""Tìm kiếm nhóm từ khóa hoặc từ khóa..."""
low,todo_placeholder,frontend/src/app/dashboard/keywords/page.tsx,349,placeholder,"className=""w-full pl-11 pr-4 py-3 bg-[#111827] border border-gray-800 rounded-xl focus:outline-none focus:ring-2 focus:ring-indigo-500 text-white placeholder-gray-500 shadow-sm transition-shadow"""
low,todo_placeholder,frontend/src/app/dashboard/keywords/page.tsx,514,placeholder,"className=""w-full px-4 py-2.5 bg-[#1E293B] border border-gray-700 rounded-xl focus:outline-none focus:ring-2 focus:ring-indigo-500 text-white placeholder-gray-500"""
low,todo_placeholder,frontend/src/app/dashboard/keywords/page.tsx,515,placeholder,"placeholder=""Ví dụ: Chất lượng sản phẩm"""
low,todo_placeholder,frontend/src/app/dashboard/keywords/page.tsx,527,placeholder,"className=""w-full px-4 py-2.5 bg-[#1E293B] border border-gray-700 rounded-xl focus:outline-none focus:ring-2 focus:ring-indigo-500 text-white placeholder-gray-500"""
low,todo_placeholder,frontend/src/app/dashboard/keywords/page.tsx,528,placeholder,"placeholder=""Mô tả về nhóm từ khóa này..."""
low,todo_placeholder,frontend/src/app/dashboard/keywords/page.tsx,607,placeholder,"className=""w-full px-4 py-2.5 bg-[#1E293B] border border-gray-700 rounded-xl focus:outline-none focus:ring-2 focus:ring-indigo-500 text-white placeholder-gray-500"""
low,todo_placeholder,frontend/src/app/dashboard/keywords/page.tsx,608,placeholder,"placeholder=""Nhập từ khóa..."""
low,todo_placeholder,frontend/src/app/dashboard/keywords/page.tsx,664,placeholder,"className=""w-full px-4 py-2.5 bg-[#1E293B] border border-gray-700 rounded-xl focus:outline-none focus:ring-2 focus:ring-indigo-500 text-white placeholder-gray-500 custom-scrollbar"""
low,todo_placeholder,frontend/src/app/dashboard/keywords/page.tsx,665,placeholder,"placeholder=""Ví dụ:&#10;TTH&#10;TTH Group&#10;Bệnh viện TTH"""
low,todo_placeholder,frontend/src/app/dashboard/keywords/page.tsx,723,placeholder,"className=""w-full px-4 py-2.5 bg-[#1E293B] border border-gray-700 rounded-xl focus:outline-none focus:ring-2 focus:ring-indigo-500 text-white placeholder-gray-500"""
low,todo_placeholder,frontend/src/app/dashboard/keywords/page.tsx,724,placeholder,"placeholder=""Nhập từ khóa..."""
high,destructive,frontend/src/app/dashboard/keywords/page.tsx,381,TRUNCATE,"<h3 className=""text-base font-semibold text-white tracking-wide truncate"">{group.name}</h3>"
medium,fake_mock_demo,frontend/src/app/dashboard/mentions/page.tsx,733,\bdummy\b,const isDummy = analysis?.ai_provider === 'dummy' || analysis?.ai_provider === 'dummy_ai';
medium,fake_mock_demo,frontend/src/app/dashboard/mentions/page.tsx,769,\bdummy\b,DUMMY
low,fake_mock_demo,frontend/src/app/dashboard/mentions/page.tsx,257,setTimeout\s*\(,searchTimeout.current = setTimeout(() => {
low,todo_placeholder,frontend/src/app/dashboard/mentions/page.tsx,357,placeholder,"placeholder=""Tìm kiếm mentions theo tiêu đề, nội dung..."""
low,todo_placeholder,frontend/src/app/dashboard/mentions/page.tsx,360,placeholder,"className=""w-full pl-12 pr-12 py-3.5 bg-[#111827] border border-gray-800 rounded-xl focus:outline-none focus:ring-2 focus:ring-indigo-500/50 focus:border-indigo-500/50 text-white placeholder-gray-500 shadow-sm transition-all text-sm"""
high,destructive,frontend/src/app/dashboard/mentions/page.tsx,432,TRUNCATE,"<p className=""text-[11px] text-gray-500 font-medium uppercase tracking-wider truncate"">{stat.label}</p>"
high,destructive,frontend/src/app/dashboard/mentions/page.tsx,752,TRUNCATE,"<span className=""text-xs font-semibold text-indigo-400 tracking-wide truncate"">{mention.source_name}</span>"
high,destructive,frontend/src/app/dashboard/mentions/page.tsx,758,TRUNCATE,"<span className=""text-[11px] text-gray-500 truncate"">{mention.author}</span>"
low,fake_mock_demo,frontend/src/app/dashboard/reports/page.tsx,34,setTimeout\s*\(,"setTimeout(() => setCopied(false), 2000);"
low,fake_mock_demo,frontend/src/app/dashboard/reports/page.tsx,40,setTimeout\s*\(,setTimeout(() => {
low,todo_placeholder,frontend/src/app/dashboard/scan/page.tsx,512,placeholder,"placeholder=""Nhập từ khóa (VD: Vinfast, iPhone 16...)"""
low,todo_placeholder,frontend/src/app/dashboard/scan/page.tsx,513,placeholder,"className=""flex-1 min-w-0 px-3 py-2 bg-[#1E293B] border border-gray-700 rounded-lg focus:outline-none focus:ring-1 focus:ring-indigo-500 text-white text-sm placeholder-gray-500"""
low,todo_placeholder,frontend/src/app/dashboard/scan/page.tsx,788,placeholder,"placeholder=""https://example.com hoặc https://example.com/rss"""
low,todo_placeholder,frontend/src/app/dashboard/scan/page.tsx,789,placeholder,"className=""w-full pl-9 pr-3 py-2 bg-[#0B1220] border border-gray-800 rounded-lg focus:outline-none focus:ring-1 focus:ring-indigo-500 text-white text-xs placeholder-gray-500 transition-shadow"""
low,todo_placeholder,frontend/src/app/dashboard/scan/page.tsx,201,Chưa tích hợp,"toast('Đã bỏ qua nguồn chưa tích hợp.', { icon: 'ℹ️' });"
low,todo_placeholder,frontend/src/app/dashboard/scan/page.tsx,277,Chưa tích hợp,"toast('Đã bỏ qua nguồn chưa tích hợp.', { icon: 'ℹ️' });"
low,todo_placeholder,frontend/src/app/dashboard/scan/page.tsx,348,Chưa tích hợp,if (selectedSources.length > 0 && validSelectedSources.length === 0) return 'Nguồn đã chọn chưa tích hợp';
low,todo_placeholder,frontend/src/app/dashboard/scan/page.tsx,720,Chưa tích hợp,Chưa tích hợp
high,destructive,frontend/src/app/dashboard/scan/page.tsx,488,TRUNCATE,"<span className=""text-[10px] text-rose-400 bg-rose-500/10 px-2 py-0.5 rounded border border-rose-500/15 inline-block truncate max-w-full"" title={workerStatus.last_error}>"
high,destructive,frontend/src/app/dashboard/scan/page.tsx,710,TRUNCATE,"<div className=""font-medium text-gray-300 truncate flex items-center gap-1.5 flex-wrap text-xs"">"
high,destructive,frontend/src/app/dashboard/scan/page.tsx,724,TRUNCATE,"<div className=""text-[10px] text-gray-600 truncate max-w-xs mt-0.5"">{source.url}</div>"
high,destructive,frontend/src/app/dashboard/scan/page.tsx,726,TRUNCATE,"<div className=""text-[10px] text-rose-400 mt-1 truncate max-w-sm"" title={source.last_error}>"
high,destructive,frontend/src/app/dashboard/scan/page.tsx,853,TRUNCATE,"<span className=""text-[10px] text-rose-400 bg-rose-500/10 px-2 py-0.5 rounded border border-rose-500/15 inline-block truncate max-w-full"" title={latestJob.error_message}>"
high,destructive,frontend/src/app/dashboard/scan/page.tsx,918,TRUNCATE,"<p className=""mt-1.5 text-[10px] text-rose-400 bg-rose-500/10 px-2 py-1 rounded border border-rose-500/15 truncate"" title={job.error_message}>"
low,todo_placeholder,frontend/src/app/dashboard/services/page.tsx,394,placeholder,"placeholder=""Tìm kiếm dịch vụ..."""
low,todo_placeholder,frontend/src/app/dashboard/services/page.tsx,397,placeholder,"className=""w-full pl-11 pr-4 py-3 bg-[#111827] border border-gray-800 rounded-xl text-white placeholder-gray-500 focus:outline-none focus:ring-2 focus:ring-indigo-500 shadow-sm"""
low,todo_placeholder,frontend/src/app/dashboard/services/page.tsx,975,placeholder,"placeholder=""Mô tả lý do cần dịch vụ này..."""
low,todo_placeholder,frontend/src/app/dashboard/services/page.tsx,976,placeholder,"className=""w-full px-4 py-3 bg-[#1E293B] border border-gray-700 rounded-xl focus:outline-none focus:ring-2 focus:ring-indigo-500 text-white placeholder-gray-500 resize-none"""
low,todo_placeholder,frontend/src/app/dashboard/services/page.tsx,989,placeholder,"placeholder=""Tóm tắt các bằng chứng, mentions, alerts liên quan..."""
low,todo_placeholder,frontend/src/app/dashboard/services/page.tsx,990,placeholder,"className=""w-full px-4 py-3 bg-[#1E293B] border border-gray-700 rounded-xl focus:outline-none focus:ring-2 focus:ring-indigo-500 text-white placeholder-gray-500 resize-none"""
low,todo_placeholder,frontend/src/app/dashboard/services/page.tsx,1003,placeholder,"placeholder=""Mô tả kết quả mong muốn từ dịch vụ này..."""
low,todo_placeholder,frontend/src/app/dashboard/services/page.tsx,1004,placeholder,"className=""w-full px-4 py-3 bg-[#1E293B] border border-gray-700 rounded-xl focus:outline-none focus:ring-2 focus:ring-indigo-500 text-white placeholder-gray-500 resize-none"""
high,destructive,frontend/src/app/dashboard/services/page.tsx,439,TRUNCATE,"<div className=""text-sm text-gray-400 truncate max-w-xs mt-0.5"">{service.description}</div>"
low,todo_placeholder,frontend/src/app/dashboard/settings/APIWebhooks.tsx,298,placeholder,"className=""w-full px-4 py-2.5 bg-[#1E293B] border border-gray-700 rounded-xl focus:ring-2 focus:ring-indigo-500 focus:outline-none text-white placeholder-gray-500"""
low,todo_placeholder,frontend/src/app/dashboard/settings/APIWebhooks.tsx,299,placeholder,"placeholder=""e.g., Production API Key"""
medium,unsafe_frontend,frontend/src/app/dashboard/settings/AppearanceSettings.tsx,73,console\.log\([^)]*(token|secret|password|env),"console.log('🔵 [AppearanceSettings] Token:', token ? 'exists' : 'missing');"
low,fake_mock_demo,frontend/src/app/dashboard/settings/AuditLogs.tsx,110,setTimeout\s*\(,setTimeout(() => {
low,fake_mock_demo,frontend/src/app/dashboard/settings/AuditLogs.tsx,354,setTimeout\s*\(,"setTimeout(loadLogs, 100);"
low,fake_mock_demo,frontend/src/app/dashboard/settings/AuditLogs.tsx,364,setTimeout\s*\(,"setTimeout(loadLogs, 100);"
low,todo_placeholder,frontend/src/app/dashboard/settings/AuditLogs.tsx,205,placeholder,"className=""w-full px-4 py-2.5 bg-[#1E293B] border border-gray-700 rounded-xl focus:outline-none focus:ring-2 focus:ring-indigo-500 text-white placeholder-gray-500 transition-shadow"""
low,todo_placeholder,frontend/src/app/dashboard/settings/AuditLogs.tsx,206,placeholder,"placeholder=""ID người dùng"""
low,todo_placeholder,frontend/src/app/dashboard/settings/AuditLogs.tsx,216,placeholder,"className=""w-full px-4 py-2.5 bg-[#1E293B] border border-gray-700 rounded-xl focus:outline-none focus:ring-2 focus:ring-indigo-500 text-white placeholder-gray-500 transition-shadow"""
low,todo_placeholder,frontend/src/app/dashboard/settings/AuditLogs.tsx,217,placeholder,"placeholder=""e.g., user.create"""
low,todo_placeholder,frontend/src/app/dashboard/settings/AuditLogs.tsx,227,placeholder,"className=""w-full px-4 py-2.5 bg-[#1E293B] border border-gray-700 rounded-xl focus:outline-none focus:ring-2 focus:ring-indigo-500 text-white placeholder-gray-500 transition-shadow"""
low,todo_placeholder,frontend/src/app/dashboard/settings/AuditLogs.tsx,228,placeholder,"placeholder=""e.g., user, source"""
low,todo_placeholder,frontend/src/app/dashboard/settings/BrandingSettings.tsx,172,placeholder,"placeholder=""#3B82F6"""
low,todo_placeholder,frontend/src/app/dashboard/settings/BrandingSettings.tsx,196,placeholder,"placeholder=""#10B981"""
low,todo_placeholder,frontend/src/app/dashboard/settings/BrandingSettings.tsx,217,placeholder,"className=""w-full px-4 py-2.5 bg-[#1E293B] border border-gray-700 rounded-xl focus:outline-none focus:ring-2 focus:ring-indigo-500 text-white placeholder-gray-500"""
low,todo_placeholder,frontend/src/app/dashboard/settings/BrandingSettings.tsx,218,placeholder,"placeholder=""https://example.com/logo-light.png"""
low,todo_placeholder,frontend/src/app/dashboard/settings/BrandingSettings.tsx,231,placeholder,"className=""w-full px-4 py-2.5 bg-[#1E293B] border border-gray-700 rounded-xl focus:outline-none focus:ring-2 focus:ring-indigo-500 text-white placeholder-gray-500"""
low,todo_placeholder,frontend/src/app/dashboard/settings/BrandingSettings.tsx,232,placeholder,"placeholder=""https://example.com/logo-dark.png"""
low,todo_placeholder,frontend/src/app/dashboard/settings/BrandingSettings.tsx,245,placeholder,"className=""w-full px-4 py-2.5 bg-[#1E293B] border border-gray-700 rounded-xl focus:outline-none focus:ring-2 focus:ring-indigo-500 text-white placeholder-gray-500"""
low,todo_placeholder,frontend/src/app/dashboard/settings/BrandingSettings.tsx,246,placeholder,"placeholder=""https://example.com/favicon.ico"""
low,todo_placeholder,frontend/src/app/dashboard/settings/BrandingSettings.tsx,259,placeholder,"className=""w-full px-4 py-2.5 bg-[#1E293B] border border-gray-700 rounded-xl focus:outline-none focus:ring-2 focus:ring-indigo-500 text-white placeholder-gray-500"""
low,todo_placeholder,frontend/src/app/dashboard/settings/BrandingSettings.tsx,260,placeholder,"placeholder=""https://example.com/login-bg.jpg"""
low,todo_placeholder,frontend/src/app/dashboard/settings/BrandingSettings.tsx,278,placeholder,"className=""w-full px-4 py-3 bg-[#1E293B] border border-gray-700 rounded-xl focus:outline-none focus:ring-2 focus:ring-indigo-500 text-white font-mono text-sm placeholder-gray-500 resize-y"""
low,todo_placeholder,frontend/src/app/dashboard/settings/BrandingSettings.tsx,280,placeholder,"placeholder="".custom-class { color: red; }"""
low,todo_placeholder,frontend/src/app/dashboard/settings/EmailSettings.tsx,181,placeholder,"className=""w-full px-4 py-2.5 bg-[#1E293B] border border-gray-700 rounded-xl focus:outline-none focus:ring-2 focus:ring-indigo-500 text-white placeholder-gray-500 transition-shadow"""
low,todo_placeholder,frontend/src/app/dashboard/settings/EmailSettings.tsx,182,placeholder,"placeholder=""smtp.gmail.com"""
low,todo_placeholder,frontend/src/app/dashboard/settings/EmailSettings.tsx,194,placeholder,"className=""w-full px-4 py-2.5 bg-[#1E293B] border border-gray-700 rounded-xl focus:outline-none focus:ring-2 focus:ring-indigo-500 text-white placeholder-gray-500 transition-shadow"""
low,todo_placeholder,frontend/src/app/dashboard/settings/EmailSettings.tsx,195,placeholder,"placeholder=""587"""
low,todo_placeholder,frontend/src/app/dashboard/settings/EmailSettings.tsx,207,placeholder,"className=""w-full px-4 py-2.5 bg-[#1E293B] border border-gray-700 rounded-xl focus:outline-none focus:ring-2 focus:ring-indigo-500 text-white placeholder-gray-500 transition-shadow"""
low,todo_placeholder,frontend/src/app/dashboard/settings/EmailSettings.tsx,208,placeholder,"placeholder=""your-email@gmail.com"""
low,todo_placeholder,frontend/src/app/dashboard/settings/EmailSettings.tsx,220,placeholder,"className=""w-full px-4 py-2.5 bg-[#1E293B] border border-gray-700 rounded-xl focus:outline-none focus:ring-2 focus:ring-indigo-500 text-white placeholder-gray-500 transition-shadow"""
low,todo_placeholder,frontend/src/app/dashboard/settings/EmailSettings.tsx,221,placeholder,placeholder={isConfigured ? '••••••••' : 'Mật khẩu SMTP'}
low,todo_placeholder,frontend/src/app/dashboard/settings/EmailSettings.tsx,233,placeholder,"className=""w-full px-4 py-2.5 bg-[#1E293B] border border-gray-700 rounded-xl focus:outline-none focus:ring-2 focus:ring-indigo-500 text-white placeholder-gray-500 transition-shadow"""
low,todo_placeholder,frontend/src/app/dashboard/settings/EmailSettings.tsx,234,placeholder,"placeholder=""noreply@company.com"""
low,todo_placeholder,frontend/src/app/dashboard/settings/EmailSettings.tsx,246,placeholder,"className=""w-full px-4 py-2.5 bg-[#1E293B] border border-gray-700 rounded-xl focus:outline-none focus:ring-2 focus:ring-indigo-500 text-white placeholder-gray-500 transition-shadow"""
low,todo_placeholder,frontend/src/app/dashboard/settings/EmailSettings.tsx,247,placeholder,"placeholder=""Nope"""
low,todo_placeholder,frontend/src/app/dashboard/settings/NotificationSettings.tsx,212,placeholder,"className=""flex-1 px-4 py-2.5 bg-[#1E293B] border border-gray-700 rounded-xl focus:outline-none focus:ring-2 focus:ring-indigo-500 text-white placeholder-gray-500 transition-shadow"""
low,todo_placeholder,frontend/src/app/dashboard/settings/NotificationSettings.tsx,213,placeholder,"placeholder=""https://your-webhook-url.com"""
low,todo_placeholder,frontend/src/app/dashboard/settings/NotificationSettings.tsx,236,placeholder,"className=""flex-1 px-4 py-2.5 bg-[#1E293B] border border-gray-700 rounded-xl focus:outline-none focus:ring-2 focus:ring-indigo-500 text-white placeholder-gray-500 transition-shadow"""
low,todo_placeholder,frontend/src/app/dashboard/settings/NotificationSettings.tsx,237,placeholder,"placeholder=""https://api.telegram.org/bot..."""
low,todo_placeholder,frontend/src/app/dashboard/settings/NotificationSettings.tsx,260,placeholder,"className=""flex-1 px-4 py-2.5 bg-[#1E293B] border border-gray-700 rounded-xl focus:outline-none focus:ring-2 focus:ring-indigo-500 text-white placeholder-gray-500 transition-shadow"""
low,todo_placeholder,frontend/src/app/dashboard/settings/NotificationSettings.tsx,261,placeholder,"placeholder=""https://hooks.slack.com/services/..."""
low,todo_placeholder,frontend/src/app/dashboard/settings/NotificationSettings.tsx,284,placeholder,"className=""flex-1 px-4 py-2.5 bg-[#1E293B] border border-gray-700 rounded-xl focus:outline-none focus:ring-2 focus:ring-indigo-500 text-white placeholder-gray-500 transition-shadow"""
low,todo_placeholder,frontend/src/app/dashboard/settings/NotificationSettings.tsx,285,placeholder,"placeholder=""https://discord.com/api/webhooks/..."""
low,todo_placeholder,frontend/src/app/dashboard/settings/OrganizationSettings.tsx,139,placeholder,"className=""w-full px-4 py-2.5 bg-[#1E293B] border border-gray-700 rounded-xl focus:outline-none focus:ring-2 focus:ring-indigo-500 text-white placeholder-gray-500"""
low,todo_placeholder,frontend/src/app/dashboard/settings/OrganizationSettings.tsx,140,placeholder,"placeholder=""Ví dụ: Công ty TNHH ABC"""
low,todo_placeholder,frontend/src/app/dashboard/settings/OrganizationSettings.tsx,152,placeholder,"className=""w-full px-4 py-3 bg-[#1E293B] border border-gray-700 rounded-xl focus:outline-none focus:ring-2 focus:ring-indigo-500 text-white placeholder-gray-500 resize-none"""
low,todo_placeholder,frontend/src/app/dashboard/settings/OrganizationSettings.tsx,153,placeholder,"placeholder=""Địa chỉ văn phòng"""
low,todo_placeholder,frontend/src/app/dashboard/settings/OrganizationSettings.tsx,165,placeholder,"className=""w-full px-4 py-2.5 bg-[#1E293B] border border-gray-700 rounded-xl focus:outline-none focus:ring-2 focus:ring-indigo-500 text-white placeholder-gray-500"""
low,todo_placeholder,frontend/src/app/dashboard/settings/OrganizationSettings.tsx,166,placeholder,"placeholder=""contact@company.com"""
low,todo_placeholder,frontend/src/app/dashboard/settings/OrganizationSettings.tsx,178,placeholder,"className=""w-full px-4 py-2.5 bg-[#1E293B] border border-gray-700 rounded-xl focus:outline-none focus:ring-2 focus:ring-indigo-500 text-white placeholder-gray-500"""
low,todo_placeholder,frontend/src/app/dashboard/settings/OrganizationSettings.tsx,179,placeholder,"placeholder=""1900 xxxx"""
low,todo_placeholder,frontend/src/app/dashboard/settings/OrganizationSettings.tsx,191,placeholder,"className=""w-full px-4 py-2.5 bg-[#1E293B] border border-gray-700 rounded-xl focus:outline-none focus:ring-2 focus:ring-indigo-500 text-white placeholder-gray-500"""
low,todo_placeholder,frontend/src/app/dashboard/settings/OrganizationSettings.tsx,192,placeholder,"placeholder=""https://company.com"""
medium,unsafe_frontend,frontend/src/app/dashboard/settings/PersonalNotifications.tsx,56,console\.log\([^)]*(token|secret|password|env),"console.log('🔵 [PersonalNotifications] Token:', token ? 'exists' : 'missing');"
low,todo_placeholder,frontend/src/app/dashboard/settings/PersonalProfile.tsx,118,TODO,// TODO: Upload to server when avatar endpoint is ready
low,todo_placeholder,frontend/src/app/dashboard/settings/PersonalProfile.tsx,206,placeholder,"className=""w-full px-4 py-2.5 bg-[#1E293B] border border-gray-700 rounded-xl focus:outline-none focus:ring-2 focus:ring-indigo-500 text-white placeholder-gray-500"""
low,todo_placeholder,frontend/src/app/dashboard/settings/PersonalProfile.tsx,231,placeholder,"className=""w-full px-4 py-2.5 bg-[#1E293B] border border-gray-700 rounded-xl focus:outline-none focus:ring-2 focus:ring-indigo-500 text-white placeholder-gray-500"""
low,todo_placeholder,frontend/src/app/dashboard/settings/PersonalProfile.tsx,232,placeholder,"placeholder=""+84 xxx xxx xxx"""
low,todo_placeholder,frontend/src/app/dashboard/settings/PersonalProfile.tsx,244,placeholder,"className=""w-full px-4 py-2.5 bg-[#1E293B] border border-gray-700 rounded-xl focus:outline-none focus:ring-2 focus:ring-indigo-500 text-white placeholder-gray-500"""
low,todo_placeholder,frontend/src/app/dashboard/settings/PersonalProfile.tsx,245,placeholder,"placeholder=""Ví dụ: Marketing"""
low,todo_placeholder,frontend/src/app/dashboard/settings/RoleManagement.tsx,295,placeholder,"className=""w-full px-4 py-2.5 bg-[#1E293B] border border-gray-700 rounded-xl focus:ring-2 focus:ring-indigo-500 focus:outline-none text-white placeholder-gray-500"""
low,todo_placeholder,frontend/src/app/dashboard/settings/RoleManagement.tsx,296,placeholder,"placeholder=""e.g., content_moderator"""
low,todo_placeholder,frontend/src/app/dashboard/settings/RoleManagement.tsx,310,placeholder,"className=""w-full px-4 py-2.5 bg-[#1E293B] border border-gray-700 rounded-xl focus:ring-2 focus:ring-indigo-500 focus:outline-none text-white placeholder-gray-500"""
low,todo_placeholder,frontend/src/app/dashboard/settings/RoleManagement.tsx,311,placeholder,"placeholder=""e.g., Người kiểm duyệt nội dung"""
low,todo_placeholder,frontend/src/app/dashboard/settings/RoleManagement.tsx,321,placeholder,"className=""w-full px-4 py-2.5 bg-[#1E293B] border border-gray-700 rounded-xl focus:ring-2 focus:ring-indigo-500 focus:outline-none text-white placeholder-gray-500"""
low,todo_placeholder,frontend/src/app/dashboard/settings/RoleManagement.tsx,323,placeholder,"placeholder=""Mô tả vai trò này..."""
low,todo_placeholder,frontend/src/app/dashboard/settings/SecuritySettings.tsx,89,placeholder,"className=""w-full px-4 py-2.5 bg-[#1E293B] border border-gray-700 rounded-xl focus:outline-none focus:ring-2 focus:ring-indigo-500 text-white placeholder-gray-500"""
low,todo_placeholder,frontend/src/app/dashboard/settings/SecuritySettings.tsx,90,placeholder,"placeholder=""••••••••"""
low,todo_placeholder,frontend/src/app/dashboard/settings/SecuritySettings.tsx,102,placeholder,"className=""w-full px-4 py-2.5 bg-[#1E293B] border border-gray-700 rounded-xl focus:outline-none focus:ring-2 focus:ring-indigo-500 text-white placeholder-gray-500"""
low,todo_placeholder,frontend/src/app/dashboard/settings/SecuritySettings.tsx,103,placeholder,"placeholder=""••••••••"""
low,todo_placeholder,frontend/src/app/dashboard/settings/SecuritySettings.tsx,116,placeholder,"className=""w-full px-4 py-2.5 bg-[#1E293B] border border-gray-700 rounded-xl focus:outline-none focus:ring-2 focus:ring-indigo-500 text-white placeholder-gray-500"""
low,todo_placeholder,frontend/src/app/dashboard/settings/SecuritySettings.tsx,117,placeholder,"placeholder=""••••••••"""
low,fake_mock_demo,frontend/src/app/dashboard/settings/test-interactive.tsx,40,setTimeout\s*\(,"await new Promise(resolve => setTimeout(resolve, 1000));"
low,todo_placeholder,frontend/src/app/dashboard/settings/test-interactive.tsx,99,placeholder,"placeholder=""Type something..."""
low,todo_placeholder,frontend/src/app/dashboard/settings/UserManagement.tsx,256,placeholder,"placeholder=""Tìm kiếm theo email hoặc tên..."""
low,todo_placeholder,frontend/src/app/dashboard/settings/UserManagement.tsx,259,placeholder,"className=""w-full pl-10 pr-4 py-2.5 bg-[#1E293B] border border-gray-700 rounded-xl focus:ring-2 focus:ring-indigo-500 focus:outline-none text-white placeholder-gray-500 transition-shadow"""
low,todo_placeholder,frontend/src/app/dashboard/settings/UserManagement.tsx,539,placeholder,"className=""w-full px-4 py-2.5 bg-[#1E293B] border border-gray-700 rounded-xl focus:ring-2 focus:ring-indigo-500 focus:outline-none text-white placeholder-gray-500"""
low,todo_placeholder,frontend/src/app/dashboard/settings/UserManagement.tsx,553,placeholder,"className=""w-full px-4 py-2.5 bg-[#1E293B] border border-gray-700 rounded-xl focus:ring-2 focus:ring-indigo-500 focus:outline-none text-white placeholder-gray-500"""
low,todo_placeholder,frontend/src/app/dashboard/settings/UserManagement.tsx,566,placeholder,"className=""w-full px-4 py-2.5 bg-[#1E293B] border border-gray-700 rounded-xl focus:ring-2 focus:ring-indigo-500 focus:outline-none text-white placeholder-gray-500"""
low,todo_placeholder,frontend/src/app/dashboard/settings/UserManagement.tsx,666,placeholder,"className=""w-full px-4 py-2.5 bg-[#1E293B] border border-gray-700 rounded-xl focus:ring-2 focus:ring-indigo-500 focus:outline-none text-white placeholder-gray-500"""
low,todo_placeholder,frontend/src/app/dashboard/settings/UserManagement.tsx,679,placeholder,"className=""w-full px-4 py-2.5 bg-[#1E293B] border border-gray-700 rounded-xl focus:ring-2 focus:ring-indigo-500 focus:outline-none text-white placeholder-gray-500"""
low,todo_placeholder,frontend/src/app/dashboard/sources/page.tsx,269,placeholder,"placeholder=""Tìm kiếm nguồn..."""
low,todo_placeholder,frontend/src/app/dashboard/sources/page.tsx,272,placeholder,"className=""w-full pl-11 pr-4 py-3 bg-[#111827] border border-gray-800 rounded-xl focus:outline-none focus:ring-2 focus:ring-indigo-500 text-white placeholder-gray-500 shadow-sm transition-shadow"""
low,todo_placeholder,frontend/src/app/dashboard/sources/page.tsx,419,placeholder,"className=""w-full px-4 py-2.5 bg-[#1E293B] border border-gray-700 rounded-xl focus:outline-none focus:ring-2 focus:ring-indigo-500 text-white placeholder-gray-500"""
low,todo_placeholder,frontend/src/app/dashboard/sources/page.tsx,420,placeholder,"placeholder=""Ví dụ: VnExpress"""
low,todo_placeholder,frontend/src/app/dashboard/sources/page.tsx,433,placeholder,"className=""w-full px-4 py-2.5 bg-[#1E293B] border border-gray-700 rounded-xl focus:outline-none focus:ring-2 focus:ring-indigo-500 text-white placeholder-gray-500"""
low,todo_placeholder,frontend/src/app/dashboard/sources/page.tsx,434,placeholder,"placeholder=""https://example.com"""
low,todo_placeholder,frontend/src/app/dashboard/sources/page.tsx,482,placeholder,"placeholder=""email@example.com"""
low,todo_placeholder,frontend/src/app/dashboard/sources/page.tsx,483,placeholder,"className=""w-full px-3 py-2 bg-[#1E293B] border border-gray-700 rounded-lg focus:outline-none focus:ring-2 focus:ring-amber-500 text-white placeholder-gray-500"""
low,todo_placeholder,frontend/src/app/dashboard/sources/page.tsx,492,placeholder,"placeholder=""••••••••"""
low,todo_placeholder,frontend/src/app/dashboard/sources/page.tsx,493,placeholder,"className=""w-full px-3 py-2 bg-[#1E293B] border border-gray-700 rounded-lg focus:outline-none focus:ring-2 focus:ring-amber-500 text-white placeholder-gray-500"""
low,todo_placeholder,frontend/src/app/dashboard/sources/page.tsx,524,placeholder,"placeholder=""AIzaSy..."""
low,todo_placeholder,frontend/src/app/dashboard/sources/page.tsx,525,placeholder,"className=""w-full px-3 py-2 bg-[#1E293B] border border-gray-700 rounded-lg focus:outline-none focus:ring-2 focus:ring-rose-500 text-white placeholder-gray-500"""
low,todo_placeholder,frontend/src/app/dashboard/sources/page.tsx,546,placeholder,"placeholder=""https://example.com/feed.xml"""
low,todo_placeholder,frontend/src/app/dashboard/sources/page.tsx,547,placeholder,"className=""w-full px-3 py-2 bg-[#1E293B] border border-gray-700 rounded-lg focus:outline-none focus:ring-2 focus:ring-orange-500 text-white placeholder-gray-500"""
high,destructive,frontend/src/app/dashboard/sources/page.tsx,313,TRUNCATE,"<h3 className=""font-semibold text-white tracking-wide truncate max-w-[150px]"" title={source.name}>{source.name}</h3>"
high,destructive,frontend/src/app/dashboard/sources/page.tsx,341,TRUNCATE,"<p className=""text-sm text-gray-400 truncate bg-[#0B1220] p-2.5 rounded-lg border border-gray-800"" title={source.url}>"
high,destructive,frontend/src/app/dashboard/sources/page.tsx,348,TRUNCATE,"<div className=""flex-1 truncate"" title={getScheduleDescription(source)}>"
high,destructive,frontend/src/app/dashboard/sources/page.tsx,354,TRUNCATE,"<p className=""text-xs text-gray-500 px-1 truncate"">"
high,destructive,frontend/src/app/dashboard/sources/page.tsx,360,TRUNCATE,"<p className=""text-xs text-gray-500 px-1 truncate"">"
medium,fake_mock_demo,frontend/src/app/dashboard/mentions/[id]/page.tsx,176,\bdummy\b,{(mention.ai_analysis.ai_provider === 'dummy' || mention.ai_analysis.ai_provider === 'dummy_ai') && (
medium,fake_mock_demo,frontend/src/app/dashboard/mentions/[id]/page.tsx,178,\bdummy\b,DUMMY/DEV
medium,fake_mock_demo,frontend/src/app/dashboard/mentions/[id]/page.tsx,181,\bdummy\b,{mention.ai_analysis.ai_provider && mention.ai_analysis.ai_provider !== 'dummy' && mention.ai_analysis.ai_provider !== 'dummy_ai' && (
high,destructive,frontend/src/components/dashboard/AlertCard.tsx,54,TRUNCATE,"<h3 className=""font-semibold text-white tracking-wide truncate pr-2"">"
low,todo_placeholder,frontend/src/components/dashboard/EvidenceLockerModal.tsx,144,placeholder,"className=""w-full bg-[#0B1220] border border-gray-700 text-white text-sm rounded-xl px-4 py-2.5 focus:ring-2 focus:ring-indigo-500 focus:border-transparent outline-none transition-all placeholder:text-gray-600"""
low,todo_placeholder,frontend/src/components/dashboard/EvidenceLockerModal.tsx,145,placeholder,"placeholder=""https://facebook.com/..."""
low,todo_placeholder,frontend/src/components/dashboard/EvidenceLockerModal.tsx,154,placeholder,"className=""w-full bg-[#0B1220] border border-gray-700 text-white text-sm rounded-xl px-4 py-2.5 focus:ring-2 focus:ring-indigo-500 focus:border-transparent outline-none transition-all placeholder:text-gray-600 resize-none"""
low,todo_placeholder,frontend/src/components/dashboard/EvidenceLockerModal.tsx,155,placeholder,"placeholder=""Người đăng nhắc đến..."""
low,todo_placeholder,frontend/src/components/dashboard/EvidenceLockerModal.tsx,115,Chưa tích hợp,"<h4 className=""text-sm font-bold text-indigo-400"">Chưa tích hợp chụp ảnh màn hình tự động (Screenshot)</h4>"
high,destructive,frontend/src/components/dashboard/EvidenceLockerModal.tsx,202,TRUNCATE,"<span className=""truncate max-w-xs"">{item.original_url}</span>"
low,fake_mock_demo,frontend/src/components/dashboard/ExecutiveBriefModal.tsx,46,setTimeout\s*\(,"setTimeout(() => setCopied(null), 2000);"
medium,fake_mock_demo,frontend/src/components/dashboard/MentionCard.tsx,65,\bdummy\b,{(mention.ai_provider === 'dummy' || mention.ai_provider === 'dummy_ai') && (
medium,fake_mock_demo,frontend/src/components/dashboard/MentionCard.tsx,67,\bdummy\b,DUMMY AI
medium,fake_mock_demo,frontend/src/components/dashboard/MentionCard.tsx,70,\bdummy\b,{mention.ai_provider && mention.ai_provider !== 'dummy' && mention.ai_provider !== 'dummy_ai' && (
high,destructive,pgsql/share/information_schema.sql,1285,TRUNCATE,"OR has_table_privilege(c.oid, 'INSERT, UPDATE, DELETE, TRUNCATE, REFERENCES, TRIGGER')"
high,destructive,pgsql/share/information_schema.sql,1865,TRUNCATE,"OR has_table_privilege(r.oid, 'INSERT, UPDATE, DELETE, TRUNCATE, REFERENCES, TRIGGER')"
high,destructive,pgsql/share/information_schema.sql,1914,TRUNCATE,"AND c.prtype IN ('INSERT', 'SELECT', 'UPDATE', 'DELETE', 'TRUNCATE', 'REFERENCES', 'TRIGGER')"
high,destructive,pgsql/share/information_schema.sql,1983,TRUNCATE,"OR has_table_privilege(c.oid, 'SELECT, INSERT, UPDATE, DELETE, TRUNCATE, REFERENCES, TRIGGER')"
high,destructive,pgsql/share/information_schema.sql,2160,TRUNCATE,-- TRIGGER_TYPE_UPDATE; we intentionally omit TRIGGER_TYPE_TRUNCATE
high,destructive,pgsql/share/information_schema.sql,2172,TRUNCATE,"OR has_table_privilege(c.oid, 'INSERT, UPDATE, DELETE, TRUNCATE, REFERENCES, TRIGGER')"
high,destructive,pgsql/share/information_schema.sql,2654,TRUNCATE,"OR has_table_privilege(c.oid, 'SELECT, INSERT, UPDATE, DELETE, TRUNCATE, REFERENCES, TRIGGER')"
high,destructive,pgsql/share/information_schema.sql,2928,TRUNCATE,"OR has_table_privilege(c.oid, 'SELECT, INSERT, UPDATE, DELETE, TRUNCATE, REFERENCES, TRIGGER')"
high,destructive,pgsql/share/sql_features.txt,164,DROP TABLE,F031	Basic schema manipulation	13	DROP TABLE statement: RESTRICT clause	YES
high,destructive,pgsql/share/sql_features.txt,213,TRUNCATE,F200	TRUNCATE TABLE statement			YES
high,destructive,pgsql/share/sql_features.txt,215,TRUNCATE,F202	TRUNCATE TABLE: identity column restart option			YES
high,destructive,pgsql/share/system_views.sql,941,TRUNCATE,"s.truncates,"
